[QwenMetalModel] descriptors ready; building fast path...
[QwenMetalModel] fast path ready
The user wants an extremely long, detailed, comprehensive essay about the entire history of the Netherlands, from prehistoric times to the present day. They want me to cover every major period in depth with dates, names, and events. This is a substantial writing task.

Let me plan out the structure and then write a comprehensive essay. I'll organize it chronologically:

1. Prehistoric settlement (Paleolithic through Iron Age)
2. The Roman frontier (Limes)
3. The Frankish era and Merovingian/Carolingian periods
4. Medieval County of Holland and the Low Countries
5. The Burgundian and Habsburg periods
6. The Eighty Years' War and the Dutch Republic (Union of Utrecht)
7. The Dutch Golden Age (trade, art, science, VOC, WIC, colonization)
8. The 18th century decline (Stadtholderless periods, wars with England)
9. The Batavian Republic and Napoleonic period
10. The Kingdom of the Netherlands from 1815 onward
11. Industrialization
12. The World Wars and occupation
13. Decolonization
14. Post-war reconstruction and the welfare state
15. European integration
16. Developments into the 21st century

This is a massive essay. Let me write it comprehensively with specific details, dates, names, and events. I'll aim for many thousands of words, being thorough and detailed throughout.

Let me write this as a proper essay with clear section headers. I'll be as detailed and specific as I can, drawing on my knowledge of Dutch history.

Let me make sure I include accurate details:

**Prehistoric:**
- Paleolithic: earliest evidence around 300,000 years ago? Actually the oldest finds are around 300,000 years but more solid evidence from later. Magdalenian period around 12,000 BCE.
- Mesolithic: Swabman culture, Linear Pottery culture (Linienkeramik) Neolithic around 4900-4450 BCE
- Bronze Age
- Iron Age: Celtic/Germanic tribes. The Low Countries were inhabited by both Celtic tribes (Belgae) in south and Germanic tribes (Frisii, Batavi, etc.) in north.
- Batavi, Frisii, Tungri, Menapii, Nervii, Morini, Eburones

**Roman frontier:**
- Roman conquest by Drusus and Germanicus in 15-16 CE
- The Rhine became the northern frontier (Limes)
- Batavian revolt of 69-70 CE under Julius Civilis
- Hadrian's Wall equivalent - the Limes
- Roman forts, the legionary fortress at Nijmegen (Noviomagus)
- After Roman withdrawal around 400 CE

**Frankish era:**
- Franks: Salian Franks, Riparian Franks
- Clovis I (Chlodwig), Merovingian dynasty
- Battle of Soissons 486
- Charles Martel, Battle of Tours 732
- Carolingians: Pepin the Short, Charlemagne
- Baptism, mission of Boniface (Willibrord, St. Willibrord of Utrecht)
- Treaty of Verdun 843 dividing into Lotharingia, West Francia, East Francia
- County of Holland emerging

**Medieval County of Holland:**
- Counts of Holland: Floris I, Floris II, Dirk III
- The water management, polders, dikes
- Cities: Amsterdam (first mention 1275), Delft, Haarlem, Leiden, Utrecht, Gouda, Dordrecht, Geertruidenberg
- Count Floris V
- Battle of Woerden
- The Guild of Saint George
- Brabant, Flanders, Zeeland, Utrecht, Guelders, Friesland, Groningen
- Brabantine Revolution
- Battle of the Golden Spurs 1302 (Flanders vs France)
- Ghent

**Burgundian and Habsburg periods:**
- Burgundian Netherlands: marriage of Philip the Good, Charles the Bold
- Valois Burgundians
- Mary of Burgundy married Maximilian I of Habsburg
- Charles V (Carlos I of Spain) born in Ghent 1500
- Pragmatic Sanction 1549
- The Seventeen Provinces
- Council of State, Margaret of Parma

**Eighty Years' War and Dutch Republic:**
- Religious tensions, Iconoclastic Fury (Beeldenstorm) 1566
- Duke of Alba, Council of Troubles ("Blood Council"), Count Egmont and Hornbehead executed 1568
- William of Orange (William the Silent), William of Nassau
- Union of Utrecht 1579
- Act of Abjuration 1581
- Defection of Antwerp 1585, fall of Antwerp
- Dutch Republic (Republic of the United Provinces)
- William Louis of Nassau military reforms
- Maurice of Nassau, Battle of Nieuwpoort 1600
- Twelve Years' Truce 1609
- Franciscus Grotius (Hugo Grotius), Mare Liberum
- Dutch East India Company (VOC) founded 1602, first IPO
- Dutch West India Company (WIC) 1621
- Peter Minuit, New Netherland, Manhattan 1626
- Thirty Years' War involvement
- First Anglo-Dutch War 1652-1654
- Second Anglo-Dutch War 1665-1667, Raid on the Medway (1667), De Ruyter
- Third Anglo-Dutch War 1672 (Rampjaar, "Disaster Year"), death of William II, Johan de Witt
- Franco-Dutch War
- William III, Glorious Revolution 1688, King of England
- William III of Orange, King William III of England
- War of Spanish Succession

**Dutch Golden Age:**
- Trade: East India Company, spice trade, Cape Town 1652, Ceylon, Indonesia (Maluku/Moluccas), Batavia (Jakarta) 1619
- Sugar from Brazil (Pernambuco), then Suriname
- Art: Rembrandt, Vermeer, Frans Hals, Jan Steen, Jacob van Ruisdael, the Leiden school
- Science: Hugo Grotius, Christiaan Huygens, Antonie van Leeuwenhoek, Spinoza
- Cartography: Mercator, Blaeu, Visscher
- Financial innovations: Amsterdam Exchange Bank (Wisselbank) 1609, Amsterdam Stock Exchange (Beurs) 1602, speculation mania - Tulip Mania 1637
- Architecture: canal rings, grachten
- Rembrandt's Night Watch 1642
- Vermeer's Girl with a Pearl Earring

**18th century decline:**
- Stadtholderless periods (first period 1702-1747)
- Fourth Anglo-Dutch War 1780-1784, battle of Dogger Bank 1781
- Patriottentijd (Patriots) 1785-1787
- French invasion 1795, Batavian Republic
- William V fled to England

**Batavian Republic and Napoleonic period:**
- Batavian Republic 1795-1806
- Unitary state under Napoleon
- Kingdom of Holland 1806-1810, Louis Bonaparte (Lodewijk Napoleon)
- Annexation to French Empire 1810
- Conscription, blockade

**Kingdom of the Netherlands from 1815:**
- Congress of Vienna 1815
- United Kingdom of the Netherlands, William I (Willem I)
- Belgium united with Netherlands until 1830 Belgian Revolution
- Treaty of London 1839
- William II, Constitution of 1848 (Thorbecke) - parliamentary democracy
- William III
- Economic recovery, North Canal, Amsterdam-Rhine Canal
- Colonial exploitation (Cultuurstelsel / Cultivation System in Dutch East Indies 1830-1870, Johannes van den Bosch)

**Industrialization:**
- Railways from 1839 (Amsterdam-Zaandam)
- Industrialization late 19th century
- Port of Rotterdam development
- Social democracy, SDAP founded 1894, PvdA
- Labor movement
- "Bezuinigingspolitiek" (austerity)
- Anne Frank era later

**World Wars:**
- WWI: neutrality, interned armies, "sinking without warning"
- WWII: 1940 invasion, Battle of the Netherlands, Rotterdam Blitz May 14 1940, Battle of The Hague, Battle of Rotterdam
- Queen Wilhelmina fled to England
- Surrender after Rotterdam Blitz
- Nazi occupation, Westermark
- Holocaust, Dutch Jews (100,000+ killed, ~75% of pre-war Jewish population)
- Westerbork transit camp
- Operation Market Garden 1944
- Hunger Winter (Hongerwinter) 1944-45
- Liberation 1945, Battle of Arnhem, Operation Market Garden
- Bergen-Belsen liberation
- Krakeling

**Decolonization:**
- Dutch East Indies (Indonesia) - independence 1949 after conflicts, "police actions" (Politieke Acties) 1947-1949
- Suriname independence 1975
- Netherlands Antilles / Curaçao, Aruba
- New Guinea (West New Guinea) transferred to Indonesia 1963
- Decolonization and its legacy

**Post-war reconstruction and welfare state:**
- Reconstruction, Deltaworks (Delta Works) after 1953 North Sea Flood
- Polder model
- Welfare state, social democracy
- Pillarization (verzuiling) - Catholic, Protestant, secular, socialist pillars
- Marshall Plan aid
- Housing

**European integration:**
- Benelux (1944/1958)
- ECSC (1951), founding member
- EEC (1957), Treaty of Rome
- European Union
- Dutch contributions, budget contributions, "British cheque" solidarity
- Maastricht Treaty 1992 (signed in Netherlands)
- Euro

**21st century:**
- Political developments
- Pim Fortuyn 2002 assassination
- Geert Wilders, PVV
- Balkenende governments
- Marriage equality (2001 first in world)
- Euthanasia law
- Drug policy (soft drugs, coffeeshops)
- Climate, floods, Room for the River (Ruimte voor de Rivier)
- Housing crisis
- Politics: Rutte governments
- 2016 Ukraine-EU association agreement referendum
- 2016 EU Brexit referendum support
- Recent politics

Let me write this comprehensively. I'll aim for a very long essay, perhaps 8,000-12,000 words, with detailed sections. Let me write it well.

I'll structure with clear headers and write extensively. Let me begin.

I should be careful about accuracy. Let me make sure my facts are right.

Let me write this now as a comprehensive essay.
</think>

# The History of the Netherlands: From Prehistoric Shores to the Modern State

## Introduction: A Nation Forged by Water

The history of the Netherlands is fundamentally a story of the relationship between a human population and a treacherous, fertile landscape. The lands that constitute the modern Netherlands—literally "Low Countries" or "Low Lands"—occupy a delta where the great rivers Rhine, Meuse (Maas), and Scheldt deposit sediment into the North Sea, producing some of the lowest elevation on Earth, with large tracts lying below sea level. This geographic reality shaped settlement patterns, economic priorities, political structures, and national identity across millennia. The Dutch have been river people, sea people, and land-reclaimers in turn, and their history reflects a continuous negotiation with water, with neighbors, and with the wider world. What follows is a comprehensive chronology of this small but disproportionately influential nation, from the first Paleolithic hunters on its marshy shores to its place in the twenty-first-century European Union.

---

## Part I: Prehistoric Settlement (c. 300,000 – 55 BCE)

### Paleolithic and Mesolithic Periods

The earliest evidence of human presence in the territory of the modern Netherlands dates to the Paleolithic, though the cold, glacial conditions of much of this period left the region largely uninhabited for long stretches. The oldest confirmed artifacts—flint hand axes and scraping tools—come from sites such as Bavel near Tilburg and date to the Middle Paleolithic, associated with *Homo sapiens* or possibly Neanderthals, roughly 300,000 years ago, though solid, datable evidence clusters more reliably in the final Paleolithic. During the Magdalenian period, around 12,000 BCE, as the last Ice Age was drawing to a close, small bands of hunter-gatherers followed migratory herds of reindeer, moose, and seals across the tundra-steppe that then covered the lowlands. These nomadic groups left behind flint points, burins, and bone needles.

As the climate warmed during the Mesolithic (Middle Stone Age, c. 8000–4900 BCE), the landscape transformed dramatically. Glacial ice retreated, sea levels rose, and the North Sea Plain (Doggerland, then above water) was gradually submerged, reshaping the coastline. Forests of birch, pine, and eventually oak and elm spread across the lowlands, bringing deer, boar, and aurochs, while the coasts and wetlands attracted waterfowl and supported fishing. The Mesolithic population lived as foragers, fishers, and hunters, and they left a rich archaeological record. The Swabman culture (named for a find near Swabman in Drenthe) and later the Brikken culture produced finely worked microlithic arrowheads, polished stone axes, and pottery. Notable sites include the peat-bog burial at Usselo (c. 6000 BCE), whose remarkably preserved body was found in a flexed position, and the settlement remains at Swartermenster and Veldhoven. These communities built temporary dwellings and understood their wet environment intimately, exploiting the abundant waterfowl, fish, and aquatic plants.

### The Neolithic Revolution

Around 4900–4450 BCE, the Neolithic "revolution" arrived from the southeast, brought by migrating farming communities of the Linear Pottery culture (in German, *Linienkeramik*, abbreviated LK). These early farmers cleared forests to graze cattle, sheep, and goats, and to grow emmer wheat and barley. They introduced distinctive painted pottery, polished stone axes essential for deforestation, and a settled way of life. Villages appeared along the higher ground of the river terraces, particularly along the Rhine and Meuse. The famous terps (dwelling mounds) of the north would later develop as an adaptation to rising water tables.

The Neolithic period saw regional variation. In the south, the Linear Pottery culture gave way to the Vlaardingen culture (c. 3400–2600 BCE), named for finds near Amsterdam's Vlaardingen municipality, which combined farming with strong fishing and hunting economies and produced distinctive short-wide pottery. In the north and east, the Funnelcup culture (Trichterbecherkultur, TBK) and later the Cordedware culture introduced new ceramic styles and burial practices, including the first megalithic tombs (hunebedden) in Drenthe and Groningen, constructed around 3400–2800 BCE. These enormous stone-built collective graves, still visible today, demonstrate organized communal labor and emerging social stratification.

### The Bronze Age and Iron Age

The Bronze Age (c. 1800–800 BCE) brought metalworking, though the Netherlands lacked local tin and copper sources, requiring long-distance trade networks that connected the lowlands to Britain, Central Europe, and beyond. Bronze axes, weapons, and ornaments have been found, and the period saw the construction of the great barrows (grafheuvels) of Drenthe and the emergence of more complex social hierarchies. The Urnfield culture (c. 1200–800 BCE) introduced cremation burial and widespread hillfort settlement.

The Iron Age (from c. 800 BCE) saw the rise of the tribes that the Romans would later encounter. The Low Countries were inhabited by a mixture of Celtic (Belgic) tribes in the south and Germanic tribes in the north and east, with a transitional zone in between. Among the Germanic peoples were the Frisii in the far north (around modern Friesland and Groningen), the Batavi on the islands formed by the Rhine's distributaries (the region later called "the Biesbosch"), the Ubii (who would later found Cologne), and the Tungri in the Campine region. Among the Celtic Belgae were the Nervii (feared by Caesar as the most warlike), the Menapii, the Morini, the Eburones, and the Treveri.

These Iron Age communities built oppida (fortified settlements), farmed, traded, and minted their own coins—particularly the Treveri and Menapii, who produced gold and silver stater coins imitating Macedonian Greek designs. Archaeological finds at sites like Blicqueberg and the oppidum at Manneheim demonstrate a sophisticated, urbanizing Celtic world on the southern margins before the Roman conquest.

---

## Part II: The Roman Frontier (55 BCE – c. 410 CE)

### The Conquest of Gaul and the Low Countries

The defining external event of the ancient Low Countries was the Roman conquest led by Julius Caesar during his Gallic Wars (58–50 BCE). Caesar's commentaries, the *De Bello Gallico*, provide the earliest written accounts of the region. In 55 BCE, Caesar crossed into the lands north of the rivers, campaigning against the Frisii, Eburones (under the king Ambiorix of the Eburones, who inflicted a crushing defeat on two Roman legions under Quintus Cassius in 54 BCE at the siege of the camp near modern Tongeren), and the Nervii, who nearly destroyed Legio IX Hispana at the Battle of the Sambre in 57 BCE.

By the time of Augustus, the region south of the Rhine and Meuse had been organized into the provinces of Gallia Belgica, Germania Inferior, and Germania Superior. The Romans established a military frontier along the Rhine, which from the time of the emperor Tiberius (reigned 14–37 CE) became the empire's northern border. The Roman general Drusus (Drusus the Elder, stepson of Augustus) built a canal system and a fleet around 12–9 BCE to campaign against the Germanic tribes, and he established a naval base at the site of modern Lugdunum Batavorum (Batum, near Katwijk). His brother Germanicus conducted campaigns across the Rhine in 15–16 CE, defeating the Germanic chieftain Arminius (Arminius/Hermann) at the Battle of Idistaviso.

### The Limes and the Batavi

The Roman frontier in the lowlands was marked by the *Limes Germanicus*, a network of roads, forts, watchtowers, and the famous palisade fortification running along the Rhine from the North Sea coast (near modern Katwijk, at the fortress of Lugdunum Batavorum) southeast to Mainz. Roman legionary fortresses were established at Nijmegen (Noviomagus, capital of the Civitas Noviomagensium) and later at Utrecht (Utrekt, the fortress of Matilo) and Valkenburg. The legion X Fretida was stationed at Nijmegen, and the II Legion Augusta was at Vechten.

The Batavi, a small Germanic people living on an "island" between the Rhine branches, became a celebrated auxiliary cavalry force of the Roman army, prized for their martial skill. They enjoyed a special treaty of alliance (foedus) that exempted them from certain taxes but required military service. Batavian gold coins have been found, and Roman historians like Tacitus praised their valor. The Batavian revolt of 69–70 CE, however, would expose the fragility of this relationship.

### The Batavian Revolt

When the Roman throne was contested during the Year of the Four Emperors (69 CE), the Batavi rose in rebellion under the leader Julius Civilis (a Batavian nobleman and former Roman officer). Civilis initially presented himself as a restorer of the Roman emperor Otho but soon led a broad coalition of disaffected groups against Roman rule. The rebels destroyed Roman forts, and in a dramatic episode, they sank two Roman legions by flooding the Rhine—deliberately breaching the dikes to drown Legio VII and Legio XX, an event commemorated in Tacitus's *Annales*. The revolt spread across the Low Countries and into Germania. Although it was ultimately suppressed (Civilis made peace with the new emperor Vespasian in 71 CE), it marked a turning point: the Romans withdrew their main legions from the "island" region, and the Batavian homeland was reorganized as the *Pagus Batavicus*, governed through local elites rather than direct military occupation.

### Romanization and Withdrawal

For the next three centuries, the southern lowlands experienced significant Romanization: Latin became the language of administration and the military, Roman towns like Nijmegen, Utrecht, and Tongeren (Augusta Treverorum) grew, mosaics, thermal baths, and temples appeared, and Roman goods flooded the market. However, the northern regions remained largely outside direct Roman control, serving as a zone of contact and trade with Germanic peoples.

From the 3rd century onward, the frontier came under increasing pressure from confederations like the Franks (a growing Germanic people in the lower Rhine region) and the Saxons. The empire increasingly relied on Frankish allies to man the frontier. In 388 CE, the usurper Magnus Maximus withdrew troops from Britain, and by the early 5th century, as the Western Roman Empire collapsed, Roman authority in the lowlands dissolved. Roman legions withdrew, and the region passed into the hands of Frankish and other Germanic rulers, setting the stage for the early medieval period.

---

## Part III: The Frankish Era and the Early Middle Ages (c. 400 – 1000 CE)

### The Rise of the Franks

The Franks were a confederation of Germanic peoples—initially divided into the Salian Franks (living west of the Scheldt, in modern northern France and the Netherlands) and the Riparian Franks (living along the Rhine). Under the Merovingian dynasty, named for the semi-legendary king Merovech, the Franks expanded their power. The first historically prominent Frankish king, Clovis I (Chlodwig, reigned c. 481–509), unified the Salian Franks and defeated the Roman governor Syagrius at the Battle of Soissons in 486 CE, extending Frankish control over northern Gaul and the Low Countries.

Clovis's conversion to Catholic Christianity (rather than the Arian Christianity favored by many other Germanic rulers) around 496–508 CE, traditionally associated with the missionary bishop Remigius of Reims, proved politically decisive, earning him the support of the Gallo-Roman Catholic clergy and bishops. After Clovis's death, the Merovingian kingdom was divided among his sons, and real power gradually passed to the Mayors of the Palace, the royal officials who controlled the royal household.

### The Carolingians and the Frankish Empire

Among the most powerful Mayors of the Palace was Charles Martel (Charles the Hammer), who halted the northward expansion of the Umayyad Caliphate of al-Andalus at the Battle of Tours (Poitiers) in 732 CE, a victory that cemented Frankish prestige. Charles Martel's son, Pepin the Short, deposed the last Merovingian king, Childeric III, and was crowned king by the papacy in 751 CE, founding the Carolingian dynasty.

Pepin's son, Charlemagne (Charles the Great, Charles I, reigned 768–814 CE), expanded the Frankish kingdom into an empire spanning much of Western Europe. Charlemagne was crowned Emperor of the Romans by Pope Leo III on Christmas Day 800 CE, reviving the imperial title in the West. His empire included the entire Low Countries, which he governed through a system of royal envoys (missi dominici) and counts (comites). Charlemagne established the bishopric of Utrecht in 695 CE (formally, though it was re-established under his reign), and he campaigned against the Saxons, forcibly converting them to Christianity.

### The Christianization of the Low Countries

The Christianization of the Low Countries was carried out by a succession of missionaries. The Irish-Scottish monk Willibrord (Saint Willibrord, c. 658–739 CE), known as the "Apostle of the Frisians," was ordained archbishop of the Frisians by the Pope in 695 CE and established his see at Utrecht. He founded monasteries, including Echternach (in modern Luxembourg), and worked to convert the Frisians. He was succeeded by Boniface (Winfrid), the "Apostle of the Germans," who was martyred near Dokkum in Friesland in 754 CE and who organized the Frankish church more systematically.

The spread of Christianity transformed the region: churches, monasteries (such as those at Lobbes, St. Gallen, and St. Bertin), and scriptoria became centers of learning and literacy, and the church acquired vast landholdings. The fusion of Frankish political authority and Christian religion created the cultural foundation of the medieval Low Countries.

### The Treaty of Verdun and the Fragmentation of Francia

After Charlemagne's death, his empire was divided among his grandsons by the Treaty of Verdun in 843 CE. The empire was split into three parts: Louis the German received East Francia (which would become Germany), Charles the Bald received West Francia (which would become France), and Lothair I, the senior son, received the middle kingdom of Lotharingia—a long strip of territory running from the North Sea down through the Low Countries, Lorraine, Burgundy, and into northern Italy.

The Low Countries lay at the heart of Lotharingia, and after Lothair's death, this middle kingdom was repeatedly contested and eventually divided. The northern Low Countries (Friesland, Groningen, and later the County of Holland) and the eastern regions came under the influence of East Francia/Germany, while the southern regions (Brabant, Flanders, Artois) drifted toward the sphere of West Francia/France. This division had lasting consequences, embedding a north-south and a Germano-French tension in the region's history.

---

## Part IV: The Medieval Low Countries and the County of Holland (c. 900 – 1477)

### The Emergence of the County of Holland

The County of Holland (Graapschap van Holland) emerged in the 10th century as a feudal territory centered on the lower Rhine and Meuse. The counts of Holland originally held the title "Count of the Batavian Land" (Conte Batavland). The dynasty traced its origins to counts like Dirk I (Dirk I of Holland, c. 950–988), who established the family's power base in the region around Leiden and Haarlem.

The counts' power was constrained by geography: the lowlands were a patchwork of rivers, bays, and marshes, and the count had to contend with powerful local lords, the bishop of Utrecht (who held secular power as a prince-bishop), and the free Frisians of the north, who resisted feudal subjugation. Water management became a defining challenge and achievement: the Dutch built dikes, drained lakes and bogs into polders, and developed the distinctive Dutch landscape of reclaimed land.

Count Floris II (reigned c. 1061–1091) and especially Floris III (reigned 1121–1156) strengthened the county, and Floris V (reigned 1254–1296) is remembered as one of the greatest medieval counts of Holland. Floris V promoted the growth of towns, issued charters, drained the Haarlemmermeer region (an early attempt), and expanded Holland's territory. His assassination in 1296, allegedly orchestrated by the nobleman Gijsbrecht IV of Amstel, led to a period of unrest and the eventual rise of the House of Avesnes (the House of Dampierre's branch) through marriage.

### The Rise of the Towns

The medieval Low Countries became one of the most urbanized regions in Europe, with a dense network of autonomous towns that grew powerful through trade, crafts, and banking. Key towns included:

- **Dordrecht** (Dordt), one of the oldest and most important, granted city rights in 1220, and host to the influential Dordrecht Assembly.
- **Gouda**, famous for its cheese trade and glass industry.
- **Delft**, a center of the cloth trade and later pottery.
- **Haarlem**, a major textile city.
- **Leiden**, which grew into a center of cloth manufacturing and later of learning and printing.
- **Utrecht**, the ecclesiastical and commercial heart of the region, seat of the prince-bishop.
- **Amsterdam**, which grew from a small fishing village at the mouth of the Amster river into a major trading port. Amsterdam's importance was cemented when Count Floris V granted it city rights and, crucially, tax exemptions in 1275, and when it gained a monopoly on trade in the region. The building of the Amsterdam dam across the river gave the city its name.

The towns organized themselves into powerful guilds (ambachten) that regulated crafts and trades, and they frequently asserted their autonomy against both the counts and the bishops. The Guild of Saint George in Amsterdam and similar bodies in other towns became political forces. Towns banded together in leagues, most notably the **Hanseatic League** (Hansa), a commercial and defensive confederation of merchant guilds and market towns in northern Europe, of which Amsterdam, Deventer, and other Low Countries towns were members.

### Flanders, Brabant, and the Medieval Economic Boom

South of the river delta, the counties of Flanders and the duchy of Brabant became the economic engines of the medieval Low Countries. Flanders, with its cities of Ghent, Bruges (Brugge), and Ypres, was the center of the European cloth (woolen textile) industry, importing raw wool from England and manufacturing fine cloth that was exported across Europe. Bruges became one of Europe's wealthiest and most cosmopolitan cities in the 14th century, a trading hub connecting the Mediterranean and the Baltic.

The **Battle of the Golden Spurs** (Guldesporenslag) of 11 June 1302 is one of the most famous events in Low Countries history. In this battle, the militia of Ghent and other Flemish towns (the *milites* and craftsmen, known as the *clerks* and *weavers*) defeated a force of French nobles (the *lanceeers*) during the war between King Philip IV of France and Flanders. The victory, commemorated by the golden spools (sporen) picked up from the fallen French knights, became a symbol of Flemish civic pride and the triumph of infantry over cavalry. It is celebrated annually in modern Ghent.

The **Brabantine Revolution** of 1360–1378 saw the cities of Brabant (especially Leiden, Brussels, and others) rebel against Duke William I of Brabant over fiscal and political grievances, ultimately achieving concessions that limited ducal power and affirmed city autonomy.

### The Hundred Years' War and the Low Countries

The Low Countries were drawn into the Hundred Years' War (1337–1453) between England and France. Flanders had economic ties to England (the wool trade) but feudal ties to France, creating internal conflict. The Battle of the Golden Spurs reflected Flemish resistance to French overreach. Later, the alliance between Flanders and England (formalized in treaties) drew the region into the wider conflict. The economic disruption of the war, combined with the Black Death (which swept through the densely populated Low Countries in 1348–1350, killing perhaps a third or more of the population), caused a temporary economic decline but ultimately led to higher wages and a reorganization of the economy.

---

## Part V: The Burgundian and Habsburg Periods (1384 – 1556)

### The Burgundian Netherlands

The turning point in the political history of the Low Countries came through the marriage politics of the Valois dukes of Burgundy. Philip the Bold (Philippe le Hardi, Duke of Burgundy 1363–1404) acquired the County of Flanders through his marriage to Margaret III of Flanders, heiress of Louis II of Flanders. His descendants—the "Dukes of the House of Valois-Burgundy"—gradually assembled the Low Countries into a nearly unified political entity.

Philip the Good (Philippe le Bon, Duke of Burgundy 1419–1467) was the great consolidator. Through purchase, marriage, conquest, and inheritance, he brought Flanders, Brabant, Limburg, Luxembourg, Holland, Zeeland, Hainaut, and other territories under Burgundian rule. He established a central government, the **Great Council of Mechelen** (Mechlin) as a supreme court, and a chamber of accounts. He was a great patron of the arts and founded the Order of the Golden Fleece in 1430. Under Philip the Good, the Burgundian court at Bruges and later Brussels became one of the most cultured and lavish in Europe, and the **Flemish-Primitive painters** (Jan van Eyck, Rogier van der Weyden, the Campine) developed the oil painting technique that revolutionized European art.

Charles the Bold (Karel de Téméraire, Duke of Burgundy 1467–1477), Philip the Good's son, sought to elevate his territory into a independent kingdom strung between France and the Holy Roman Empire. His aggressive policies and military defeats (notably his death at the Battle of Nancy in 1477 against the Swiss) cut short his ambitions, but the Burgundian state he left behind passed to his only heir, his daughter **Mary of Burgundy**.

### The Habsburg Ascendancy

Mary of Burgundy, in an attempt to preserve her territories against French aggression, married **Maximilian I of Habsburg** (the future Holy Roman Emperor) in 1477. This marriage brought the Low Countries into the Habsburg domains. After Mary's premature death in 1482 (from a horse-riding accident), Maximilian governed as regent, facing fierce resistance from the Flemish cities, especially Ghent under the leadership of Lamoral and later the rebel Jacob van Artevelde (a descendant of the medieval hero). The wars continued until the **Peace of Arras** (1482) and subsequent settlements.

The Habsburgs consolidated their rule through the **Great Privilege** and later the **Edict of Ghent** (1489), and the administration was refined under governors. The most important figure of this era was **Charles V** (Carlos I of Spain, Karel van Burgonden), born in Ghent on 24 February 1500. Charles V was the grandson of both Maximilian I (through his father Philip the Beautiful) and the Catholic Monarchs of Spain (Ferdinand II and Isabella I, through his mother Joanna). He inherited an empire spanning the Low Countries, Spain, Naples, Sicily, Sardinia, and the newly "discovered" Americas, as well as the claim to the Holy Roman Imperial throne.

Charles V was raised in the Low Countries and spoke Dutch as his first language; he was deeply attached to the region. As Holy Roman Emperor (crowned 1519), he sought to unify the Christian princes of the Empire against the Ottoman threat and to manage the religious division caused by the Protestant Reformation. In 1549, Charles V issued the **Pragmatic Sanction** (Pragmatische Sanctie), a fundamental law that consolidated the Seventeen Provinces of the Low Countries into a single, indivisible political entity that would pass intact to his heirs, preventing their fragmentation. This legal instrument had profound long-term consequences, binding the Low Countries together as a unit.

### The Reformation and Religious Tensions

The Protestant Reformation, launched by Martin Luther in 1517, spread rapidly in the Low Countries, taking various forms: Lutheranism, but more significantly Calvinism (John Calvin, a Frenchman who settled in Geneva) and the radical Anabaptists (including the radical kingdom of Münster, 1534–1535, when Anabaptist extremists briefly seized the Westphalian city of Münster). The Habsburg authorities, both Charles V and especially his son King Philip II of Spain, responded with persecution. Charles V issued the **Edict against the Sects** (Plakkaat tegen de sekte) in 1550, which prescribed the death penalty for heresy, particularly Calvinism. This religious persecution created deep resentment that would eventually boil over into open rebellion.

---

## Part VI: The Eighty Years' War and the Founding of the Dutch Republic (1568 – 1648)

### The Road to Rebellion

The reign of **King Philip II of Spain** (reigned in the Low Countries as Philip III, from 1556) was the catalyst for the Dutch Revolt. Philip II, raised in Spain and speaking Spanish, governed the Low Countries from a distance, relying on regents and a central council. His policies were resented: he raised taxes, marginalized the local nobility in favor of Spanish and Italian appointees, and enforced religious orthodoxy with vigor.

The key figure who would lead the revolt was **William of Orange** (Willem van Oranje, William the Silent, Willem van Nassau, 1533–1584), a member of the House of Nassau who had been raised at the Spanish court and appointed by Philip II as governor of Holland, Zeeland, and Utrecht. William initially served the king faithfully but grew disillusioned with the persecution of Protestants and the centralization of power. He joined a group of nobles (including the Count of Egmont and the Lord of Horne) who presented a petition (the **Compromise of the Nobles**, 1566) requesting relaxation of the edicts against heretics.

### The Iconoclastic Fury and the Duke of Alba

In August 1566, waves of Calvinist mobs swept through the Low Countries in the **Iconoclastic Fury** (Beeldenstorm), smashing religious images, statues, and altars in thousands of churches. Although William of Orange distanced himself from the violence, the Catholic authorities used it as a pretext to crack down hard. Philip II dispatched **Fernando Álvarez de Toledo, Duke of Alba** (Alba), with a veteran army, in 1567. Alba established the **Council of Troubles** (Raad van Beroerten), nicknamed the "Blood Council" (Bladrad) for the hundreds of executions it carried out.

The most famous victims were two of the highest nobles: **Lamoral, Count of Egmont**, and **Philip de Montmorency, Lord of Horne**, who had been William's friends and fellow courtiers but had remained loyal to the crown. They were executed in the market square of Brussels on 5 June 1568. Their deaths, along with the confiscation of the property of thousands of accused "heretics," radicalized much of the nobility and population. William of Orange, now fully in opposition, raised an army and launched the military phase of the revolt in 1568, though his initial campaigns in the north (the Battle of Heiligerlee) achieved only limited success.

### The Union of Utrecht and the Act of Abjuration

The revolt evolved from a noble-led uprising into a broader movement. In 1579, the northern provinces—Holland, Zeeland, Utrecht, Guelders, and others—formed the **Union of Utrecht** (Unie van Utrecht), a military and political alliance committed to mutual defense and to the preservation of the Catholic faith (while tolerating other faiths in practice). This union became the constitutional foundation of the Dutch Republic. In response, the southern provinces formed the **Union of Arras** (1579), which reconciled with Spain.

The decisive political act came on 26 July 1581, when the States General, meeting in Veere, promulgated the **Act of Abjuration** (Plakkaat van Verlatinghe), the formal declaration by which the provinces deposed King Philip II as their sovereign. The document, influenced by Calvinist resistance theory and the idea of a contract between ruler and ruled, argued that a prince who tyrannized his people forfeited his right to rule. This was a revolutionary act—arguably one of the first formal declarations of a people's right to overthrow a monarch—and it established the sovereignty of the States General and the provinces.

The northern provinces, now the **United Provinces of the Low Countries** (Verenigde Provinciën), formed a republic without a monarch. William of Orange, though offered the title of count by Holland, declined sovereign title, and the republic developed a distinctive federal structure. William was assassinated by the French Huguenot Balthasar Gérard in Delft on 10 July 1584, but his memory was immortalized as "William the Silent" and the father of the nation, and the Orange-Nassau dynasty continued to provide stadtholders (stadhouders, "stewards" or viceroys) who served as executives and military leaders.

### The Fall of Antwerp and the Consolidation of the Republic

The war dragged on for decades. A critical turning point was the **Defection of Antwerp** (1585). Antwerp, the great commercial metropolis of the Low Countries, had been won by the rebels in the Union of Utrecht (1576, through the **Peace of Peter** / Pacification of Ghent). But religious and political divisions led the southern Catholic provinces to withdraw. The Spanish army under **Alexander Farnese, Duke of Parma** (a capable general and statesman) laid siege to Antwerp. In 1585, after a long siege that included the famous engineering feat of building a bridge of boats across the Scheldt, Antwerp fell to the Spanish. The subsequent sack and the exodus of thousands of Protestant merchants—many of whom fled north to Amsterdam—shifted the economic center of gravity to the north and devastated Antwerp, which never fully recovered its former preeminence. This "economic shift" from the Scheldt to the Rhine/Amsterdam was one of the most consequential events in early modern European economic history.

The Republic, centered on the wealthy provinces of Holland and Zeeland, consolidated its institutions. The **States General** (Staten-Generaal) governed foreign policy and defense, while the individual provinces, especially **Holland** (which contributed the majority of the funding and thus dominated the assembly), retained significant autonomy. The province of Holland was governed by the **States of Holland** (Staten van Holland), dominated by the wealthy regent class (regenten)—merchants, bankers, and lawyers—who controlled the provincial government.

### The Military Genius of Maurice of Nassau

The Republic's survival depended on effective military leadership. **Maurice of Nassau** (Maurits van Oranje, 1567–1625), son of William of Orange, was appointed stadtholder and captain-general of Holland and Zeeland in 1588 and became one of the greatest military commanders of his age. Maurice implemented sweeping military reforms that influenced European warfare: he standardized drill, reorganized the infantry into regiments, introduced the "counterscale" (a system of alternating fire that improved musket efficiency), improved logistics, and professionalized the army. His campaigns recaptured numerous towns from Spain, including Breda (1590), Nijmegen, Groningen (1594), and Roermond.

Maurice's greatest battlefield victory came at the **Battle of Nieuwpoort** (17 July 1600), where he defeated a larger Spanish army under the Count of Mansfeld, though the victory was not decisive. His military reforms and successes made the Republic's army one of the most effective in Europe. Maurice's half-brother, **Ernest Casimir of Nassau**, and later Maurice's cousin, helped secure the northern provinces.

### The Twelve Years' Truce and the Golden Age Begins

In 1609, the warring parties signed the **Twelve Years' Truce** (Twaalfjarige Truce) between Spain and the Republic, effectively recognizing the de facto independence of the Republic (though formal recognition would come only with the Treaty of Westphalia in 1648). The truce allowed the Republic to focus on economic development and overseas expansion, launching the Dutch Golden Age.

The truce period (1609–1621) saw the flourishing of Dutch commerce, art, and science. The Republic had become a maritime and commercial powerhouse, and the stage was set for the vast overseas empire and the cultural achievements of the Golden Age.

---

## Part VII: The Dutch Golden Age (c. 1600 – 1672)

### The Economic Miracle

The Dutch Golden Age (Gouden Eeuw, c. 1588–1670) was a period of extraordinary prosperity, cultural achievement, and global influence, during which a small republic of roughly two million people became the world's leading commercial, financial, scientific, and cultural power. Several factors combined to produce this miracle:

**1. Geographic and technological advantages.** The Low Countries sat at the mouth of the great European rivers (Rhine, Meuse) connecting to the Baltic and the North Sea. The Dutch developed specialized, cheap-to-build ships—the **fluyt** (flute), a cargo ship with a bulbous hull that required a small crew and could carry large cargoes—giving them a cost advantage in shipping. Dutch shipbuilders like the yard of the "Mediterranean" (the *Vier Noorden*) produced vessels that dominated European trade.

**2. Financial innovation.** The Dutch pioneered modern financial institutions. The **Amsterdam Exchange Bank** (Wisselbank), founded in 1609, provided a stable, reliable currency and a secure place for deposits, facilitating domestic and international trade. The **Amsterdam Stock Exchange** (Amsterdamse Beurs), established in 1602, was the world's first formal stock exchange, where shares could be bought and sold. The Republic also developed sophisticated instruments of credit, insurance (the Amsterdam Insurance Exchange of 1608), and joint-stock companies.

**3. The joint-stock company model.** The crowning financial innovation was the joint-stock company, which allowed the pooling of capital from many investors while limiting their risk. Two such companies dominated Dutch global commerce: the **Dutch East India Company** (Vereenigde Oostindische Compagnie, VOC) and the **Dutch West India Company** (Geoctrooerde Westindische Compagnie, WIC).

### The VOC: The World's First Multinational Corporation

The **Dutch East India Company** (VOC) was founded on 20 March 1602, when the States General granted it a 21-year monopoly on Dutch trade in the East Indies (east of the Cape of Good Hope, i.e., Asia). The VOC was revolutionary: it was the world's first publicly traded joint-stock company, raising capital by selling shares to thousands of investors across Europe. Its initial capitalization of about 6.5 million guilders was enormous. Crucially, the VOC's shares were freely transferable on the Amsterdam Stock Exchange, and the company's capital was permanent (investors could not demand their money back but could sell their shares), allowing the company to make long-term investments.

The VOC was granted sovereign powers: it could negotiate treaties, coin money, raise armies, and wage war. It built a network of trading posts (factories) across Asia and established a colonial empire. The VOC's profits were enormous—investors received generous dividends, and the company paid out dividends totaling roughly 1800% of the initial investment over its 200-year existence (1602–1800). The VOC established its Asian headquarters at **Batavia** (modern Jakarta) in Indonesia, founded by **Jan Pieterszoon Coen** in 1619, which became the administrative center of the Dutch East Indies.

The VOC's trade focused on the lucrative **spice trade**—nutmeg, mace, cloves, and pepper—from the **Moluccas** (Moluccas, the "Spice Islands," including Ternate, Tidore, Ambon, and Banda). The VOC used both trade and violence to dominate the spice trade. It seized Portuguese and later English outposts, and it committed acts of brutal violence, including the infamous **massacre of the Banda Islands** in 1621, where Coen's forces killed or enslaved most of the island's population to establish a Dutch monopoly on nutmeg. The VOC also controlled the trade in silk, porcelain, and other goods, and it established a trading post at **Dejima** (an artificial island in Nagasaki harbor, Japan) as the only European trading post allowed to trade with Japan during the country's period of isolation (sakoku).

### The WIC and the Atlantic Empire

The **Dutch West India Company** (WIC) was chartered in 1621 with a monopoly on Dutch trade and colonization in the Atlantic: West Africa, the Americas, and the Caribbean. The WIC established several colonies and trading posts:

- **New Netherland** in North America, with its capital at **New Amsterdam** on the island of Manhattan. In 1626, **Peter Minuit**, the WIC governor, is traditionally said to have "purchased" Manhattan from the Lenape people for goods worth 60 guilders (a figure that has become legendary, though its interpretation is debated). New Amsterdam would grow into New York City after the English seized it in 1664.
- **New Sweden** (along the Delaware River), which the WIC conquered in 1655.
- **Curacao** and trading posts in the Caribbean, and the sugar plantation complex on the **Leeward Islands**.
- **Brazil**: The WIC briefly held Portuguese-controlled **Pernambuco** (in northeastern Brazil) from 1630 to 1654, establishing the colony of **New Holland** and running sugar plantations, before being expelled.
- **Africa**: The WIC controlled the slave trade, operating forts such as **Elmina Castle** (seized from the Portuguese in 1637) on the Gold Coast (modern Ghana), and it was involved in the transatlantic slave trade, transporting enslaved Africans to the Americas.

The WIC was less profitable than the VOC and faced financial difficulties, but it established the colonial foundations of the Dutch Atlantic empire.

### The Cape Colony and Global Expansion

In 1652, the VOC established a settlement at the **Cape of Good Hope** (Cape Town) in South Africa, under the leadership of **Jan van Riebeeck**, to provide fresh provisions for ships traveling to and from the East Indies. This Cape Colony would later become the base of the **Boer** (Afrikaner) settlement and a major colony in its own right.

The Dutch also established colonies and trading posts across the globe: **Ceylon** (modern Sri Lanka), where they seized coffee and cinnamon from the Portuguese; **Malacca** (in modern Malaysia); **Formosa** (Taiwan); **Guiana** (in South America, including Suriname, which they acquired in 1667); and posts in India (e.g., **Pulicat**, **Nagapatnam**), the **Maldives**, and **Japan**.

### The Financial and Cultural Centers

Amsterdam became the financial capital of Europe. The **Amsterdam Bourse** and the **Wisselbank** facilitated a vast credit network. The city's **Beurs** (exchange) and the practice of **short selling** and **futures trading** were pioneered here. The famous episode of **Tulip Mania** (Tulpenmanie) of 1637, in which the prices of certain rare tulip bulbs (particularly "semper Augustus" bulbs) soared to extraordinary heights and then collapsed, has become a legendary example of speculative mania and bubble economics—though modern historians debate the extent and significance of the episode.

The Dutch also led in **cartography** and **mapmaking**. The great cartographic houses of **Gerardus Mercator** (whose 1569 world map introduced the Mercator projection), **Joannes Blaeu** (the *Atlas Maior*), **Hessel Gerritsz**, and **Nicolaes Visscher** produced maps and atlases that were the finest in Europe. The **VOC's** cartographers kept the secrets of their maps closely guarded.

### The Golden Age in Art

The Dutch Golden Age produced some of the greatest artists in Western history. Painting flourished as the Catholic Church was no longer the primary patron (Protestant Calvinism discouraged religious art), and a bourgeois market for secular art—landscapes, portraits, still lifes, genre scenes, and interiors—emerged.

- **Rembrandt van Rijn** (1606–1669), born in Leiden, is regarded as one of the greatest painters in European history. His works, including the monumental **The Night Watch** (De Nachtwacht, 1642), his self-portraits, his biblical scenes, and his etchings, demonstrated unprecedented psychological depth, mastery of light and shadow (chiaroscuro), and technical innovation.
- **Johannes Vermeer** (1632–1675), of Delft, produced a small but perfect body of work, including **Girl with a Pearl Earring** and **The Milkmaid**, celebrated for their luminous light, serene domestic scenes, and meticulous detail.
- **Frans Hals** (c. 1582–1666), of Haarlem, was a master of lively, spontaneous portraiture, including the famous **The Jester (Malle Foppen)** and the group portraits.
- **Jan Steen** (1626–1679), known for humorous, moralizing genre scenes; **Jacob van Ruisdael** (c. 1628–1682), the great landscape painter of waterfalls, storms, and skies; **Jacob van Ruysdael** and the Leiden and Haarlem schools of detailed painting; **Gabriel Metsu**, **Gerard ter Borch**, and many others.

The **Leiden school of fine painting** ( fijne schilders) and the **Haarlem school** produced detailed still lifes, landscapes, and genre scenes. The **Utrecht school** was influenced by Caravaggio. Art dealers, art auctions (the first art auction house in Amsterdam, 1617), and art guilds (the **Saint Luke's Guild**) supported a thriving art market.

### The Golden Age in Science and Scholarship

The Republic was also a center of scientific and intellectual innovation:

- **Hugo Grotius** (Hugo de Groot, 1583–1645), the jurist and scholar, wrote ***De Jure Belli ac Pacis*** (*On the Law of War and Peace*) and, crucially, ***Mare Liberum*** (*The Free Sea*, 1609), the foundational text of the law of the seas, arguing for freedom of the seas and free navigation. He is considered the "father of international law."
- **Christiaan Huygens** (1629–1695), the physicist, mathematician, and astronomer, invented the **pendulum clock** (1656), discovered the rings of Saturn and Saturn's moon Titan, and worked on the theory of light and probability. He was a founding member of the French Academy of Sciences.
- **Antonie van Leeuwenhoek** (1632–1723), the draper and self-taught microscopist, built powerful microscopes and was the first to observe and describe microorganisms (which he called "animalcules"), bacteria, and blood cells, founding the field of microbiology.
- **Baruch Spinoza** (1632–1677), the philosopher, wrote the ***Ethics*** and developed a rationalist metaphysics that challenged orthodox religion; his work was controversial and he was excommunicated from the Amsterdam Jewish community.
- **René Descartes** (René Descartes), the French philosopher and mathematician, spent productive years in the Republic (1628–1649) in Egmond-Binnen, near Bergen, North Holland, where he wrote much of his *Discourse on Method* and *Meditations*.
- The **University of Leiden** (founded 1575), the **University of Franeker** (in Friesland), and the **University of Groningen** became centers of learning, attracting scholars from across Europe. Leiden's professor of medicine, **Franciscus Sylvius**, and the university's emphasis on medicine, chemistry (under **Frederik Ruysch**), and the new experimental science made it a leader.

### The Cultural and Intellectual Ferment

The Republic's relative religious tolerance (compared to much of Europe) attracted refugees and thinkers: Sephardic Jews from Spain and Portugal, Huguenots from France, and Protestant dissenters from across Europe. Amsterdam's **Portuguese Synagogue** (the **Esnoga**, built 1675) was one of the largest synagogues in Europe. The Republic published books that were banned elsewhere, and Amsterdam became a center of European printing and publishing, including the works of Descartes, Spinoza, and others.

---

## Part VIII: The Decline of the Golden Age and the Eighteenth Century (1672 – 1795)

### The Rampjaar (Disaster Year) of 1672

The Golden Age came to a sudden and violent end in **1672**, the **Rampjaar** ("Disaster Year"). The French king **Louis XIV**, seeking to dominate Europe, launched a massive invasion of the Republic with a huge army. The Dutch, under the leadership of the **Grand Pensioner Johan de Witt** (Johan de Witt, 1625–1672), the de facto head of government of Holland, had relied on their powerful navy and a strategy of flooding the land (the Dutch water line) to repel invaders. But a crucial alliance between France and the English (the **Second Anglo-Dutch War** had ended in 1667, but tensions remained) meant the Republic faced enemies on multiple fronts.

The French army crossed the Rhine and swept through the eastern provinces. The Dutch responded by breaching their own dikes and flooding large areas of Holland (the **Dutch Water Line**), slowing the French advance. The stadtholder, **William II of Orange** (Willem II, who had died young in 1672, leaving his posthumous son the future William III as an infant), had died, and the young William III of Orange was proclaimed stadtholder. The political crisis led to the lynching of Johan de Witt and his brother Cornelius de Witt in The Hague in 1672—a brutal episode in which the brothers were murdered by a mob.

Despite the catastrophe, the Republic survived. The naval commander **Michiel de Ruyter** (Michiel Adriaanszoon de Ruyter, 1607–1676), the greatest Dutch naval hero, had already achieved a famous victory over the Anglo-Fleet in the **Second Anglo-Dutch War** at the **Raid on the Medway** (1667), when he sailed up the Thames and burned the English fleet in its dockyard at Chatham—a humiliating blow to England. In 1672, de Ruyter again defeated the combined Anglo-French fleet at the **Battle of Solebay** (11 June 1672). The flooding of the water line and the resilience of the Republic ultimately forced Louis XIV to withdraw, and the **Treaty of Nijmegen** (1678–1679) ended the war.

### The Third and Fourth Anglo-Dutch Wars

The Republic had fought several wars with England over trade dominance:

- The **First Anglo-Dutch War** (1652–1654) arose over the **Navigation Acts** of England (1651), which sought to protect English shipping by restricting the transport of goods to English ships. The Republic won this war strategically, and the **Treaty of Westminster** (1654) recognized the Republic.
- The **Second Anglo-Dutch War** (1665–1667) ended with the decisive Dutch victory at the **Raid on the Medway** (1667), one of the most humiliating defeats in English naval history.
- The **Third Anglo-Dutch War** (1672–1674) was part of Louis XIV's war; the Republic again prevailed, though at great cost.
- The **Fourth Anglo-Dutch War** (1780–1784) was a decisive defeat for the Republic. England, angry at Dutch neutrality and trade with the rebellious American colonies, blockaded Dutch shipping. The **Battle of Dogger Bank** (1781) was tactically inconclusive but strategically decisive: the Dutch fleet was never rebuilt, and the Republic's naval power was broken. The **Treaty of London** (1784) ended the war, and the Republic ceded trading concessions to England. This war marked the end of Dutch maritime supremacy and the transfer of commercial dominance to England.

### The Stadtholderless Periods and Political Stagnation

Politically, the Republic experienced periods without a stadtholder—the **Stadtholderless Periods** (Stadhouderloze Tijden)—from 1650 to 1672 and again from 1702 to 1747. During these periods, the provinces were governed by the regent class (the regenten), and the States of Holland dominated. The regents, wealthy merchants and bankers, favored a policy of peace, low taxes, and commercial expansion, but critics argued that their focus on profit and their factional squabbling led to political paralysis and military weakness.

The death of the last Orange stadtholder, **William III** (who had become King of England as **William III** after the **Glorious Revolution** of 1688), in 1702 left the stadtholderate vacant. William III of Orange (Willem III, 1650–1702) had been a significant figure: he had led the Republic through the Disaster Year, and he had been invited by the English Parliament to become king in the **Glorious Revolution** of 1688, deposing the Catholic **James II of England**. As King William III of England, Scotland, and Ireland, he led the coalition against Louis XIV in the **War of the Spanish Succession** (1701–1714). His death without legitimate heirs ended the direct Orange line and triggered the stadtholderless period.

### The Revival of the Stadtholderate and the War of the Austrian Succession

In 1747, the stadtholderate was revived for **Henry of Orange** (Hendrik van Oranje, 1747–1751), and then permanently for the House of Orange-Nassau with **William IV of Orange** (Willem IV, 1747–1751), who was stadtholder of all the provinces. His son, **William V of Orange** (Willem V, 1748–1795), the last stadtholder, was weak and ineffective, and his reign saw the political turmoil that would end the Republic.

### The 18th-Century Decline

The 18th century saw the Republic's relative decline as a great power. Several factors contributed:

- **The loss of commercial dominance to England.** After the Fourth Anglo-Dutch War, England became the dominant commercial and naval power. The Republic's share of world shipping declined.
- **The financial burden of the wars.** The Republic had spent enormous sums on the wars against Louis XIV and England, and its debt was enormous.
- **The rise of competitors.** France, England, and later the American Republic became commercial competitors.
- **Internal political paralysis.** The regent class's factional disputes and the lack of strong leadership hindered decisive action.
- **Economic restructuring.** The Republic shifted from a dominant trading power to a financial power, lending money to other states (including England and the American colonies) and living off investment income.

Despite the decline, the Republic remained wealthy and culturally significant. The 18th century saw the **Rococo** and **Neoclassical** styles, and figures like the painter **Jean-Baptiste** (no, that's French—the Dutch 18th century was less artistically prominent). The Republic still had a refined culture, and cities like Amsterdam, The Hague, Rotterdam, Delft, and Leiden remained prosperous.

---

## Part IX: The Batavian Republic and the Napoleonic Period (1795 – 1813)

### The French Revolution and the End of the Republic

The **French Revolution** (1789) and the subsequent expansion of revolutionary France had a profound impact on the Low Countries. The revolutionary ideas of liberty, equality, and fraternity inspired a movement in the Republic known as the **Patriots** (Patriotten), a reformist movement that had emerged in the 1780s under the leadership of figures like **Johan Valckenier** and the **Amsterdam** patriot leaders, who sought to limit the power of the stadtholder William V and to establish a more republican government.

The Patriots rose in rebellion against William V in the **Patriotic Wars** (1787), but William V, aided by Prussian troops (Prussia intervened at the request of his wife, Wilhelmina of Prussia, sister of King Frederick William II of Prussia), crushed the Patriot uprising. Many Patriots fled to France and joined the revolutionary cause.

When France declared war on Prussia and Austria in 1792, and then expanded into the Low Countries, the revolutionary French armies, under generals like **Charles François Dumourier**, invaded the Republic. The stadtholder William V, unable to resist, fled to England in January 1795, taking with him the state treasury. The French occupied the Republic, and the old Republic came to an end.

### The Batavian Republic (1795 – 1806)

The French established the **Batavian Republic** (Bataafse Republiek) on 18 January 1795, named after the ancient Batavi, the ancient inhabitants of the region whom the Romans had allied with. The Batavian Republic was a French client state, and its constitution (1798) established a more unitary state than the old federal Republic, though this was contested.

The Batavian Republic was marked by political instability and French pressure. The French wanted a friendly, unitary state that could be controlled from Paris. The Republic experienced coups and counter-coups, and the regent class was replaced by a new political elite. The Batavian Republic abolished the stadtholderate and the House of Orange-Nassau's political role.

In 1801, a new constitution established a more unitary state. But the French, under Napoleon Bonaparte, who had seized power as First Consul (and later Emperor), continued to pressure the Republic. The Batavian Republic was renamed the **Batavian State** (Bataafse Staat) in 1801, and then, in 1805, Napoleon reorganized it once more.

### The Kingdom of Holland and the Annexation to France

In 1806, Napoleon, seeking to bring the Republic more directly under his control, abolished the Batavian State and established the **Kingdom of Holland** (Koninkrijk Holland), placing his younger brother **Louis Bonaparte** (Lodewijk Napoleon, 1778–1846) on the throne as **King Louis I of Holland** (Lodewijk Napoleon, King of Holland, 1806–1810).

Louis Bonaparte was an ambitious but often ineffective ruler. He attempted to assert Dutch interests against his brother's demands, particularly regarding the **Continental Blockade** (the *Blocus continental*), Napoleon's system of economic warfare against Britain. Louis tried to smuggle British goods, angering Napoleon. Louis's attempts to assert Dutch autonomy and his failure to enforce the blockade led Napoleon to depose him in 1810. Napoleon then **annexed the Kingdom of Holland directly to the French Empire** (1810), making it part of France.

The annexation had severe consequences. The Republic's navy was seized by Napoleon and sent to fight against England (many Dutch ships were scuttled or captured). The Continental Blockade hurt the Dutch economy. Napoleon conscripted young Dutch men into the French army, and thousands of Dutch men died fighting in Napoleon's wars, including in the disastrous invasion of Russia (1812). The annexation ended the Dutch state's independence until 1813.

---

## Part X: The Kingdom of the Netherlands (1815 – Present)

### The Congress of Vienna and the United Kingdom

After Napoleon's defeat in 1814 and his final defeat at the **Battle of Waterloo** (18 June 1815, in modern Belgium), the victorious powers convened the **Congress of Vienna** (1815) to redraw the map of Europe. At the Congress, the **United Kingdom of the Netherlands** (Verenigd Koninkrijk der Nederlanden) was created, uniting the former Republic (the northern provinces) with the Austrian Netherlands (Belgium) and Liège, under the rule of **William I** (Willem I, 1772–1843), the son of the last stadtholder William V, who had fled to England.

William I, restored to power as **Prince Sovereign** (Soeverein Vorst) in 1814 and then as **King** (Koninkrijk) from 1815, sought to build a strong, united kingdom that would serve as a buffer state against French expansion on the northern frontier of France. The United Kingdom of the Netherlands, at its greatest extent, included the modern Netherlands, Belgium, and Luxembourg.

### The Belgian Revolution and the Separation (1830)

The union of north and south was unstable from the start. The Protestant north (the Netherlands) and the Catholic south (Belgium) had different languages (Dutch and French), religions, economies, and political cultures. The Belgians resented the dominance of the Dutch-speaking elite in the shared administration and the placement of the capital in The Hague (in the north).

In August 1830, the **Belgian Revolution** broke out in Brussels, inspired by the July Revolution in France. The Belgians declared independence, and King William I attempted to reconquer Belgium by force but failed. The great powers, at the **London Conference** and the **Treaty of London** (1839), recognized the separation of Belgium from the Netherlands. Belgium became an independent, neutral kingdom under **Leopold I** (Leopold I of Belgium), and the Netherlands ceded most of its southern territories. This separation was a profound national trauma for the Dutch, who lost their southern provinces and their status as a mid-sized power. The Netherlands was reduced to its northern territory, and the country turned inward, focusing on economic development and the colonial empire.

### The Constitution of 1848 and the Rise of Parliamentary Democracy

King William I abdicated in 1840 in favor of his son **William II** (Willem II, 1792–1849). William II's reign saw the most important constitutional reform in Dutch history: the **Constitution of 1848**, drafted by the liberal statesman **Johan Rudolph Thorbecke** (1798–1872). Thorbecke, a historian and professor at Leiden University, was the architect of the Dutch constitutional monarchy.

The Constitution of 1848 transformed the Netherlands from an authoritarian monarchy into a **parliamentary democracy**. It established:

- **Ministerial responsibility**: ministers, not the king, were responsible to Parliament for government policy.
- **Direct election of the Second Chamber** (Tweede Kamer) by the provinces (though initially on a limited, property-based suffrage).
- **Parliamentary rights**: the right of inquiry, the right of interpellation, and the right to propose legislation.
- **Freedom of speech, assembly, and religion.**

The Constitution of 1848 is considered the founding document of modern Dutch democracy, and Thorbecke is regarded as one of the greatest statesmen in Dutch history. It established the principle that the king "reigns but does not rule," and it created the framework for the Dutch parliamentary system that persists today.

### The Reign of William III and Economic Recovery

King William II's son, **William III** (Willem III, 1817–1890), reigned from 1849 to 1890. His reign saw the economic recovery and growth of the Netherlands. The country recovered from the trauma of the Belgian separation and the economic difficulties of the early 19th century.

Key developments included:

- **The construction of canals and railways.** The **North Canal** (Noordzeekanaal), connecting Amsterdam to the North Sea, was completed in 1876. The **Amsterdam-Rhine Canal** (Amsterdam-Rijnkanaal) was built in the late 19th century. Railways were introduced from 1839 (the first line, Amsterdam-Zaandam), and a national railway network was developed, connecting the country and facilitating trade.
- **The Cultivation System (Cultuurstelsel).** In the Dutch East Indies, Governor-General **Johannes van den Bosch** introduced the **Cultuurstelsel** (Cultivation System) in 1830, which forced Javanese farmers to cultivate export crops (coffee, sugar, indigo) on a portion of their land for the colonial government. This system generated enormous profits for the Netherlands (the "blessing" or *zegen* of the East Indies, as it was called) and helped finance the Dutch economy, but it was exploitative and caused hardship for Javanese farmers. The Cultivation System was gradually abolished in the 1870s, giving way to private enterprise under the **Ethical Policy** (Ethisch Beleid) of the early 20th century.
- **The economic recovery and the "Golden Nineties."** The 1880s and 1890s saw an economic boom, the "Golden Nineties" (Gouden Tachtiger / Gouden Negentiger), characterized by industrial growth, the establishment of new industries, and the growth of Rotterdam as a major port (the **Port of Rotterdam** was greatly expanded in the late 19th century, with the construction of the **Maashaven** and later the **Nieuwe Waterweg**).

### The Rise of the Labor Movement and Social Democracy

The industrialization of the late 19th century brought a growing industrial working class and the rise of the **labor movement**. Workers faced poor working conditions, low wages, and long hours, and they organized into trade unions and political parties.

The **Social Democratic Workers' Party** (Sociaal-Democratische Arbeiderspartij, SDAP) was founded in 1894, becoming the main political expression of the labor movement. The SDAP, later merged into the **Party of the Left** (Partij van de Arbeid, PvdA) in 1946, was a major political force in the 20th century. The labor movement advocated for social reforms, workers' rights, and the extension of suffrage.

The extension of suffrage was a gradual process. The Constitution of 1848 had established limited, property-based suffrage. Universal male suffrage was introduced in 1917, and universal female suffrage in 1919. These reforms expanded the democratic process and the power of the mass parties (liberal, conservative, Protestant, Catholic, and socialist).

---

## Part XI: The First World War (1914 – 1918)

### Neutrality and the Interned Armies

The Netherlands maintained **strict neutrality** during the First World War (1914–1918), a policy it had pursued since the 19th century. The neutrality was maintained by a combination of diplomatic skill, geographic position, and a small but mobilized army.

The Netherlands faced enormous challenges during the war. As a small country surrounded by the belligerent powers (Germany and, indirectly, Britain), it had to navigate the demands of the warring parties. Germany, which occupied Belgium, violated Dutch neutrality on several occasions, but the Netherlands managed to maintain its formal independence.

The most significant challenge was the **internment of belligerent armies**. When soldiers from the warring sides were wounded or escaped across the Dutch border, they were interned in the Netherlands. During the war, the Netherlands interned approximately **55,000 to 60,000 soldiers** of the belligerent armies (mostly German, but also Allied soldiers) in internment camps (interneringskampen) across the country, particularly in the provinces of Utrecht, North Brabant, and Gelderland. These interned soldiers, known as the **Internees** or the "interned armies," placed a heavy burden on the Dutch economy and society, but they also brought cultural and economic benefits (the soldiers spent money, and some brought skills and goods).

The war also caused food shortages and economic hardship, but the Netherlands avoided the devastation that swept across the battlefields of Western Europe. The neutrality was a source of national pride and allowed the Netherlands to avoid the catastrophic losses suffered by the belligerent powers.

---

## Part XII: The Second World War and the Nazi Occupation (1940 – 1945)

### The German Invasion (1940)

On **10 May 1940**, Nazi Germany invaded the Netherlands, beginning the **Battle of the Netherlands** (Slag om Nederland). The invasion was part of Germany's broader campaign to conquer Western Europe (the *Fall Gelb*, "Case Yellow"). The Netherlands, which had attempted to maintain neutrality and had reduced its military, was unprepared for the speed and ferocity of the German attack.

The German forces used paratroopers (Fallschirmjäger) to seize key bridges and airfields, and they launched a massive air campaign. The most devastating single event was the **Rotterdam Blitz** on **14 May 1940**, when the German Luftwaffe bombed the city center of Rotterdam, killing hundreds of civilians and destroying the historic city center. The bombing was intended to force the Dutch to surrender, and it succeeded: after the bombing, the Dutch high command, to save other cities (particularly The Hague and Utrecht) from similar destruction, ordered the army to surrender.

The Dutch army, though it fought bravely (notably at **The Hague**, where paratroopers were resisted, and at **Rotterdam** and **Breda**), was overwhelmed. The Dutch forces surrendered on 15 May 1940. **Queen Wilhelmina** (Wilhelmina, 1880–1962), the reigning queen, and members of the government fled to England, where they established a government-in-exile. Queen Wilhelmina became a symbol of Dutch resistance and freedom, broadcasting radio messages to the occupied homeland.

### The Nazi Occupation

The Netherlands came under **Nazi German occupation** from 1940 to 1945. The occupation was administered by the **Reichskommissar** **Alois Eimann** and later **Sebastian Speer**, and by the collaborationist **National Socialist Movement in the Netherlands** (Nationaal-Socialistische Beweging, NSB), led by **Anton Mussert**, who collaborated with the Germans.

The occupation was harsh and brutal. The Germans imposed a regime of terror, censorship, and persecution. The most catastrophic aspect was the **Holocaust** (Shoah), the systematic genocide of European Jews by the Nazi regime.

### The Persecution and Murder of the Jews

The Netherlands had a Jewish population of approximately 140,000 before the war, one of the largest in Western Europe. The Nazis systematically persecuted and murdered the Dutch Jews. The process began with discrimination and expropriation, escalated to registration and segregation, and culminated in deportation to the **concentration and extermination camps**.

The main transit camp was **Westerbork** (Westerbork transit camp), established in 1939 as a camp for Jewish refugees but converted by the Germans into the main transit camp from which Jews were deported to the extermination camps, primarily **Auschwitz-Birkenau** and **Sobibor**. Of the approximately 105,000 Jews who were deported from the Netherlands, only about 5,000 survived—the **survival rate of Dutch Jews was among the lowest in Western Europe** (approximately 75% of the pre-war Jewish population was murdered). The high death rate was due to several factors: the efficiency of the Nazi bureaucracy, the cooperation of some Dutch collaborators (notably the **Dutch Police** and the **Nederlandsche Werkmandaten**), the geographic density of the Netherlands (making hiding difficult), and the early and efficient organization of the deportations.

Many Dutch Jews were hidden (verborgen) by non-Jewish Dutch citizens, in an act of courage and humanity. The most famous example is **Anne Frank** (Annie Frank, 1929–1945), a Jewish girl who hid with her family in the "Secret Annex" (Achterhuis) above the office of her father, Otto Frank, in Amsterdam. Anne kept a diary during the two years they hid, which was published after the war as ***The Diary of Anne Frank*** (Het Achterhuis), one of the most widely read accounts of the Holocaust. Anne Frank and most of her family were deported to Auschwitz and then to Bergen-Belsen, where Anne died of illness in early 1945, shortly before the camp's liberation.

Other victims of the Nazi regime included **Roma and Sinti** (who were also persecuted and murdered), **political dissidents**, **communists**, **socialists**, **resistance members**, **homosexual men**, and **disabled persons**. The **Dutch Resistance** (Verzetting), though smaller than in some other occupied countries, carried out acts of sabotage, intelligence gathering, and the hiding of Jews and downed Allied airmen. Notable resistance figures and events include the **Strike of 30 April 1943** (the **April Strike** / Aprilstaking), a general strike in Amsterdam and other cities in protest against the deportation of Jews to forced labor camps; the **Marx-Lager** and other resistance networks; and the **MI9** escape lines.

### The Hunger Winter and the Liberation

In the winter of **1944–1945**, the western Netherlands (including Amsterdam, Rotterdam, and The Hague) suffered the **Hunger Winter** (Hongerwinter), a period of severe food shortage caused by a German blockade that cut off food supplies to the occupied western provinces in retaliation for the resistance's **April Strike** and the Allied refusal to allow food aid. Tens of thousands of civilians died of starvation and exposure during the Hunger Winter. People survived on scarce rations of sugar beets, potatoes, and other meager foods; **krakeling** (a type of hard bread) and **roggenbrot** became symbols of the period.

The liberation of the Netherlands came in the spring of 1945, as Allied forces advanced from the south (British, Canadian, and other forces) and the east (Soviet forces, though they did not enter the main population centers). The Allies had launched **Operation Market Garden** (17–25 September 1944), an ambitious but failed airborne operation to seize bridges in the Netherlands and outflank the German defenses. The operation failed to capture the bridge at **Arnhem** (the **Battle of Arnhem**, "A Bridge Too Far"), and the Netherlands remained occupied for several more months.

The western Netherlands was liberated in April and May 1945, as German forces collapsed. The **Bergen-Belsen concentration camp** was liberated by British forces on 15 April 1945, and the horrors revealed shocked the world. The war in Europe ended on **8 May 1945** (V-E Day, Victory in Europe Day). The Netherlands had suffered enormously: approximately 30,000 people had been killed during the war, approximately 105,000 Jews had been murdered (about 75% of the pre-war Jewish population), and the country had suffered physical and psychological devastation.

---

## Part XIII: Decolonization (1945 – 1975)

### The Loss of the Dutch East Indies (Indonesia)

The most significant decolonization event for the Netherlands was the loss of the **Dutch East Indies** (Nederlandsch-Indië), the vast archipelago that is modern **Indonesia**. During the Second World War, the Netherlands East Indies had been occupied by **Imperial Japan** (1942–1945), which shattered the myth of European invincibility and stimulated Indonesian nationalism.

After the Japanese surrender in 1945, Indonesian nationalists, led by **Sukarno** (Soekarno) and **Mohammad Hatta**, declared independence on **17 August 1945**. The Netherlands, under Queen **Wilhelmina** and later **Juliana** (Juliana, Queen of the Netherlands, 1948–1980), sought to reassert control, but the Indonesian independence movement was strong and determined.

The Netherlands attempted to reestablish colonial rule, leading to two **Police Actions** (Polieke Acties)—the Dutch term for the military campaigns (though they were really wars of colonial suppression):

- The **First Police Action** (Operatie Product) of **1947–1948**, in which the Dutch seized large areas of territory in Java and Sumatra.
- The **Second Police Action** (Operatie Kraai) of **1948–1949**, in which the Dutch captured the Indonesian republican capital of Yogyakarta.

The international community, particularly the **United States** and the **United Nations**, condemned the Dutch military actions and pressured the Netherlands to negotiate. Under intense international pressure (including a UN Security Council resolution and the threat of cut off American aid), the Netherlands agreed to transfer sovereignty to Indonesia.

The **Round Table Conference** (Tafelrond Gesprek) held in London in **1949** resulted in the **transfer of sovereignty** on **27 December 1949**, when the Netherlands formally recognized Indonesia as an independent state. The transfer was bittersweet: the Netherlands lost its most valuable colony, but it did so through negotiation rather than prolonged war. The transfer had profound consequences for both countries: Indonesia became a major independent nation (though it faced political instability and the rise of **Sukarno** and later **Suharto**), and the Netherlands had to confront the legacy of its colonial past.

The transfer also had demographic consequences: approximately **300,000 to 350,000 people** of Indonesian and Indo-Eurasian (Indo) descent—known as **Indo** (Indo-Netherlanders, people of mixed Dutch and Indonesian ancestry)—migrated to the Netherlands, significantly influencing Dutch society and culture. This migration, known as the **repatriation** (repatriering), added a diverse new population to the Netherlands.

### The Struggle for West New Guinea (New Guinea)

The Netherlands retained **West New Guinea** (Nieuw-Guinea, also called **West Irian** or **West Papua**) after 1949, refusing to include it in the transfer to Indonesia. The Netherlands administered West New Guinea as a separate entity, and it sought independence for the region. Indonesia claimed the territory, and the two countries came to the brink of war.

After international mediation (through the United Nations), the Netherlands transferred West New Guinea to Indonesia in **1963**, under the **New York Agreement** of 1962. The territory was then administered by Indonesia, and the controversial **Act of Free Choice** (1969), in which a small number of selected Papuans "chose" to remain part of Indonesia, is regarded by many as a sham. The status of **West Papua** (Papua) remains a contentious issue to this day, with ongoing independence movements.

### The Decolonization of the Caribbean

In the Caribbean, the Netherlands retained several territories, which were gradually granted varying degrees of autonomy:

- **Suriname**, on the northern coast of South America, was a Dutch colony from the 17th century and became independent on **25 November 1975**. Suriname's independence was preceded by negotiations and a process of decolonization. The migration of Surinamese people to the Netherlands (the **Surinamese migration**) significantly influenced Dutch society, particularly the population of Amsterdam and The Hague.
- **Netherlands Antilles** (Nederlands-Antillen), comprising the islands of **Curaçao**, **Aruba** (which separated in 1986), **Bonaire**, **Sint Eustatius** (Statia), and **Saba**, remained Dutch territories. Aruba, Curaçao, and the islands of Bonaire, Saba, and St. Eustatius were granted the status of **"constituent countries"** (landdelen) within the Kingdom of the Netherlands under the **Statute of the Kingdom of the Netherlands** (Statuut van het Koninkrijk der Nederlanden) of 1954, a status of full autonomy within the Kingdom.

The decolonization of the Netherlands was a complex and often painful process that reshaped the country. The loss of the East Indies and Suriname, the most populous colonies, reduced the Netherlands to a "small" country and forced it to redefine its national identity and its place in the world. The colonial legacy, including the migration of colonial subjects and the memories of exploitation and violence, continues to influence Dutch society and historiography.

---

## Part XIV: Post-War Reconstruction and the Welfare State (1945 – 1980)

### Reconstruction and the Deltaworks

After the Second World War, the Netherlands faced enormous challenges: physical destruction, economic devastation, and the reintegration of veterans, refugees, and repatriates. The country embarked on a massive **reconstruction** effort, aided by the **Marshall Plan** (the European Recovery Program), which provided American financial aid for the reconstruction of Western Europe.

One of the most significant post-war challenges was **water management**. On **31 January 1953**, a catastrophic **North Sea Flood** (Noordzeestormvloed) struck the southwestern provinces of Zeeland and North Brabant, when a severe storm surge breached the dikes, flooding large areas and killing approximately **1,800 to 2,000 people** and displacing tens of thousands. The disaster prompted the construction of the **Delta Works** (Deltawerken), one of the greatest engineering projects of the 20th century.

The **Delta Works** were a system of dams, sluices, locks, dikes, and storm surge barriers built to protect the delta region (the mouth of the Rhine, Meuse, and Scheldt) from the sea. The project, designed by engineers like **Jan Luiken** and others, included the **Volkerak Dam**, the **Haringvliet Dam**, the **Oosterschelde Storm Surge Barrier** (Oosterscheldekering, completed 1986, a "soft" barrier that can be opened during storms but closed during normal conditions to protect both people and the ecosystem), and the **Maeslant Barrier** (Maeslantkering, completed 1997, one of the largest movable structures in the world). The Delta Works are considered a masterpiece of Dutch water engineering and a symbol of the Dutch mastery of water.

### The Polder Model and the Welfare State

Post-war the Netherlands developed a distinctive model of economic and social governance known as the **Polder Model** (Poldermodel), named after the polders (reclaimed land) that had shaped Dutch history for centuries. The Polder Model is a system of **corporatism** and **consensus democracy**, in which the government, employers, and labor unions (the "social partners") negotiate economic and social policy through consultation and consensus.

The Polder Model emerged in the post-war period and was formalized in agreements like the **Wassenaar Agreement** (Wassenaar Akkoord) of **1982**, in which labor and employers agreed to wage moderation in exchange for job creation and reduced working hours. The Polder Model has been credited with producing strong economic growth, low inflation, low unemployment, and a strong social safety net in the 1980s and 1990s.

The Netherlands also developed a comprehensive **welfare state** (verzorgingsstaat), providing universal healthcare, unemployment benefits, pensions, and social assistance. The welfare state was built on the principle of solidarity and the redistribution of wealth.

### Pillarization (Verzuiling)

A defining feature of Dutch society in the 20th century was **pillarization** (verzuiling), the division of society into religious and ideological "pillars" (zuilen). Each pillar had its own institutions: political parties, trade unions, broadcasting organizations, schools, newspapers, sports clubs, and even social organizations.

The main pillars were:

- The **Catholic pillar** (Katholieke Zuil), centered on the Catholic Party (later the **Christian Democratic Appeal**, CDA).
- The **Protestant pillar** (Protestantse Zuil), centered on the **Anti-Revolutionary Party** (ARP) and other Protestant parties.
- The **Liberal pillar** (Liberale Zuil), centered on the liberal parties.
- The **Socialist/Communist pillar** (Socialistische Zuil), centered on the SDAP (later the PvdA).

Each pillar had its own radio and television broadcasting associations (e.g., the **NCRV** for the Neo-Reformation, the **KRO** for the Catholic Radio, the **AVRO** for the Free Radio, the **VARA** for the Liberal Radio). This "pillarized" (verzuilde) society meant that most Dutch people lived their lives within their own pillar, from cradle to grave. Pillarization began to weaken in the 1960s and 1970s (a process known as **verzuiling** or "de-pillarization"), as secularization and modernization eroded the rigid boundaries between the pillars.

### Economic Growth and the "Golden Years"

The post-war period, particularly the **1950s and 1960s**, was known as the **"Golden Years"** (Gouden Jaren) of Dutch economic growth. The economy grew rapidly, unemployment fell, and the standard of life rose. The Netherlands became a wealthy, industrialized country, with strong sectors in agriculture (the Netherlands became a major exporter of agricultural products, including flowers, particularly tulips, and dairy products), industry (including the **Philips** electronics company in Eindhoven, founded by **Gerard Philips** and **Anton Philips**, and the **ASML** semiconductor equipment company), and services.

The **Port of Rotterdam** became one of the largest and most important ports in the world, a gateway for European trade. The **Refinery** (Royal Dutch Shell, founded by **Marcus Samuel**) and the **petrochemical industry** flourished. The **Agricultural sector** became highly mechanized and productive.

---

## Part XV: European Integration (1945 – Present)

### The Benelux and the Founding of the European Communities

The Netherlands was a committed advocate of **European integration**, seeing it as essential to its security and prosperity. A small country, the Netherlands believed that its survival and prosperity depended on close cooperation with its neighbors and on being embedded in a framework of European unity.

The Netherlands was a founding member of the **Benelux** (Belgium, Netherlands, Luxembourg), a economic union established by the **Benelux Treaty** of **1944** (signed during the war in London) and formalized in **1958**. Benelux created a free trade area and the free movement of goods, services, and people, and it was a precursor to the broader European Union.

The Netherlands was also a founding member of the **European Coal and Steel Community** (ECSC, Europese Gemeenschap voor Kolen en Staal), established by the **Treaty of Paris** of **1951**, which pooled the coal and steel industries of France, West Germany, Italy, Belgium, and the Netherlands. The ECSC was designed to make war between France and Germany "not merely unthinkable, but materially impossible" by integrating the key industries of war.

The Netherlands was a founding member of the **European Economic Community** (EEC, Europese Economische Gemeenschap), established by the **Treaty of Rome** of **1957**, which created a common market and a customs union. The Treaty of Rome, signed by the six founding members (France, West Germany, Italy, Belgium, Luxembourg, and the Netherlands), established the framework for the common market that would evolve into the European Union.

The Dutch were committed European federalists, and their statesmen, such as **Louis Beel** (former Prime Minister, later President of the Consultative Assembly of the Council of Europe) and others, promoted the cause of European unity. The Netherlands hosted European institutions: the **Court of Justice of the European Union** is seated in **Luxembourg** (near the Netherlands), and the **European Court of Auditors** and other bodies have had offices in the Netherlands. **The Hague** is often called the "international city of peace and justice," hosting international courts such as the **International Court of Justice** (ICJ), the **International Criminal Court** (ICC), and the **Permanent Court of Arbitration** (PCA).

### The Maastricht Treaty and the European Union

The Netherlands hosted the signing of the **Maastricht Treaty** (Verdrag van Maastricht) on **7 February 1992**, in the Dutch city of **Maastricht**. The Maastricht Treaty, formally the **Treaty on the European Union** (TEU), established the **European Union** (EU), creating the three-pillar structure (the European Communities, common foreign and security policy, and justice and home affairs) and laying the groundwork for the **euro** (the single currency) and for **European citizenship**.

The Maastricht Treaty was controversial in the Netherlands, and it was narrowly approved by the Dutch Parliament. The treaty created the European Union as a political and economic union, and it established the principles of **subsidiarity** (decision-making at the lowest appropriate level) and **proximity**. The Netherlands was a strong advocate of European integration, and it has been one of the most pro-European member states.

### The Euro and the Dutch Budget Contribution

The Netherlands adopted the **euro** as its currency on **1 January 1999** (with euro banknotes and coins circulating from **2002**). The euro, the single currency of the Eurozone, was a major achievement of European integration, and the Netherlands was a founding member of the Eurozone.

However, the Netherlands has been one of the largest **net contributors** to the EU budget, and this has been a source of political controversy, particularly during the **Eurozone crisis** (2010–2014), when the Netherlands (along with Germany and other "frugal" states) insisted on austerity measures for the bailed-out countries (particularly Greece). The Dutch position during the Eurozone crisis reflected the "frugal four" (the frugal states: Germany, Austria, the Netherlands, and Finland), who advocated for fiscal discipline and reforms.

The Netherlands has also been a strong supporter of the **British budget rebate** (the "British cheque"), the discount that the United Kingdom received from the EU budget, which the Netherlands supported as a fellow net-contributing country. The British rebate was abolished in 2020.

### Recent Developments in European Integration

In recent years, the Netherlands has remained a committed but sometimes cautious member of the European Union. The country supported the **Eurozone** reforms, the **European Stability Mechanism** (ESM), and the **banking union**. However, there has been growing Euroscepticism in some quarters, particularly among right-wing populist parties.

The **2016 referendum on the Ukraine-EU Association Agreement** is a notable example: on **6 April 2016**, Dutch voters approved the association agreement between the EU (and the Netherlands) and **Ukraine** by a narrow margin (62.15% in favor), after a contentious campaign. The agreement entered into force in 2017.

The Netherlands was a strong supporter of **Ukraine** in its conflict with Russia, providing military aid and humanitarian assistance, and it hosted the **investigation into the downing of Malaysia Airlines Flight 17** (MH17, shot down over eastern Ukraine on 17 July 2014, killing 298 people, including 193 Dutch citizens).

---

## Part XVI: The Netherlands in the Twenty-First Century (2000 – Present)

### Political Developments and the Rise of Populism

The twenty-first century has seen significant political changes in the Netherlands, including the rise of **populist** and **right-wing** parties and the increasing **fragmentation** of the party system (the decline of the "pillar" parties and the rise of new parties).

The assassination of **Pim Fortuyn** (2002) was a shocking event that transformed Dutch politics. **Pim Fortuyn**, a charismatic political scientist and critic of the establishment, founded the **Pim Fortuyn List** (List on Pim Fortuyn, LPF), a party that combined right-wing populism (opposition to immigration and Islamic "mass immigration"), liberalism, and anti-establishment rhetoric. Fortuyn's party performed surprisingly well in the **2002 general election**, winning 17 seats. However, just before the election, Fortuyn was **assassinated** by an environmental activist (Van der Graaf) on 6 May 2002. His assassination shocked the country and marked a turning point in Dutch politics.

The **Pim Fortuyn List** (LPF) formed a short-lived government with the **VVD** (People's Party for Freedom and Democracy) and the **CDA** (Christian Democratic Appeal) in 2002, but the government collapsed after seven weeks due to internal conflicts. The episode demonstrated the volatility of Dutch politics.

The rise of **right-wing populism** continued with **Geert Wilders** (born 1963) and his **Party for Freedom** (Partij voor de Vrijheid, PVV), founded in 2006. Wilders, a controversial figure known for his opposition to Islam and immigration, became the leader of the largest right-wing party in the Netherlands. The PVV has grown in strength, becoming the largest party in the **2023 general election** (winning 37 seats). Wilders's rise reflects the growth of right-wing populism and the debate over immigration, Islam, and national identity in the Netherlands.

The **2000s and 2010s** also saw the rise of other parties and the increasing complexity of Dutch coalition politics. The Netherlands has had a series of coalition governments, often involving multiple parties. Notable Prime Ministers of the twenty-first century include:

- **Jan Peter Balkenende** (CDA), Prime Minister from 2002 to 2010, who led several coalition governments.
- **Mark Rutte** (VVD), Prime Minister from 2010 to 2024, who served four terms (2010–2014, 2014–2017, 2017–2020, 2020–2024), making him the **longest-serving Prime Minister in Dutch history**. Rutte's governments were characterized by austerity, immigration restrictions, and a pragmatic approach to governance.
- **Dick Schoof** (independent, supported by the PVV and other parties), Prime Minister from July 2024, leading a right-wing coalition government.

### Social Liberalization and Progressive Policies

The Netherlands has been a leader in **social liberalization** and progressive social policies. Notable developments include:

- **Marriage equality**: On **1 April 2001**, the Netherlands became the **first country in the world** to legalize **same-sex marriage**, when the law came into effect. This was a landmark achievement for LGBTQ+ rights, and the Netherlands has since been a leader in marriage equality (including same-sex adoption).
- **Euthanasia**: The Netherlands legalized **euthanasia** and **physician-assisted suicide** through the **Euthanasia Law** (Euthanasiewet) of **2001** (which came into effect in 2002), which regulated the conditions under which physicians could perform euthanasia. The Netherlands has one of the most liberal euthanasia laws in the world.
- **Drug policy**: The Netherlands is famous for its **drug policy** of "tolerance" (gedoogbeleid), under which the sale of small quantities of "soft" drugs (cannabis) in licensed **coffeeshops** is tolerated, while "hard" drugs are prohibited. The policy of differentiation (differentiating between soft and hard drugs) has been influential, though controversial.
- **Prostitution**: The Netherlands legalized and regulated the **prostitution** industry through the **2000 Prostitution Act** (Wet op het sekshandel), which regulated the industry and granted sex workers certain rights.
- **The "Pill" and reproductive rights**: The Netherlands has progressive reproductive rights, including access to contraception and abortion (legalized in 1984 through the **Abortion Act**, Abondissementswet).

These progressive policies have made the Netherlands a leader in social liberalism, though they have also been the subject of political debate and criticism.

### Climate, Floods, and Environmental Policy

The Netherlands has long been at the forefront of **climate change** and **water management**, given its low elevation and its exposure to the sea. The catastrophic **1953 North Sea Flood** and the threat of rising sea levels due to climate change have made water management a national priority.

The Netherlands has pursued ambitious **climate policies**, including the reduction of greenhouse gas emissions, the development of renewable energy (wind power, particularly offshore wind farms), and the transition away from natural gas (particularly the **Grongas** gas field in Groningen, whose extraction has caused earthquakes and led to its phased closure).

The Netherlands has also pursued **"Room for the River"** (Ruimte voor de Rivier) policies, which involve giving rivers more space to prevent flooding, rather than simply raising the dikes. This approach, implemented in the 2000s, involves lowering floodplains, relocating dikes, and creating flood areas.

The Netherlands is also a leader in **sustainable agriculture** and **horticulture**, particularly in the **greenhouse** (kassen) industry, which uses precise control of light, temperature, and nutrients to maximize productivity while minimizing water and pesticide use. The Netherlands is the **second-largest exporter of agricultural products** in the world (after the United States), and its **flower auction** system (at **Aalsmeer**, the largest flower auction in the world) is a global center of the cut-flower trade.

### Housing, Migration, and Contemporary Challenges

The Netherlands faces several contemporary challenges:

- **The housing crisis**: A severe shortage of housing, particularly in the urbanRandstad area (Amsterdam, Rotterdam, The Hague, Utrecht), has driven up prices and rents, making home ownership unaffordable for many. The government has pursued policies to increase housing construction.
- **Immigration and integration**: The debate over immigration, integration, and national identity remains contentious, particularly in the context of the rise of right-wing populism. The Netherlands has received immigrants from around the world, including from Turkey, Morocco, the former Dutch colonies (Indonesia, Suriname), and, more recently, from Eastern Europe and from refugees (including from Syria, Afghanistan, and Ukraine).
- **The Groningen earthquakes**: The extraction of natural gas from the **Groningen gas field** has caused hundreds of small earthquakes, damaging buildings and displacing residents. The government has pursued a phased closure of the field and compensation for affected residents.
- **The COVID-19 pandemic** (2020–2022): The Netherlands, like other countries, faced the challenges of the pandemic, including lockdowns, vaccination campaigns, and debates over public health measures.

### The Recent Political Landscape

In recent years, the Dutch political landscape has become increasingly fragmented and polarized. The **2023 general election** saw the **Party for Freedom** (PVV), led by **Geert Wilders**, become the largest party. After lengthy negotiations, a coalition government was formed under **Dick Schoof** (an independent, former civil servant and intelligence official), supported by the PVV, the **NSC** (Nieuw Sociaal Contract), the **VVD** (People's Party for Freedom and Democracy), and the **BBB** (Boer Burger Beweging, Farmers-Citizen Movement). This government, formed in July 2024, represented a shift to the right in Dutch politics.

The **Boer-Burger Beweging** (BBB, Farmers-Citizen Movement), led by **Caroline van der Plas**, emerged as a protest party representing rural and agricultural interests, particularly in response to the government's **nitrogen policy** (stikstakbeleid) aimed at reducing nitrogen emissions (which affects agriculture and nature). The BBB's rise reflected the grievances of rural and agricultural communities.

The Netherlands continues to be a committed member of the **European Union** and **NATO**, and it has been a strong supporter of **Ukraine** in its war with Russia. The country has provided military aid, humanitarian assistance, and has hosted refugees.

---

## Conclusion: A Small Country with a Large Legacy

The history of the Netherlands is a remarkable story of a small people who, against the odds of geography and circumstance, built one of the most prosperous, innovative, and influential nations in human history. From the Paleolithic hunters on the marshy shores to the modern welfare state within the European Union, the Dutch have demonstrated remarkable resilience, ingenuity, and adaptability.

The achievements of the Netherlands are disproportionate to its size. The Dutch pioneered modern finance (the joint-stock company, the stock exchange, the central bank), global trade (the VOC and WIC, the first multinational corporations), cartography, and art (Rembrandt, Vermeer, Frans Hals). They developed the engineering mastery of water (the polders, the dikes, the Delta Works) that has defined their landscape. They contributed to the foundations of international law (Grotius), science (Huygens, Leeuwenhoek), and philosophy (Spinoza). They pioneered social liberalization (same-sex marriage, euthanasia, drug policy). And they have been committed advocates of European integration and international peace (the Hague as the "international city of peace and justice").

The challenges the Netherlands has faced are equally significant: the struggle with water, the religious conflicts of the Reformation era, the Eighty Years' War, the Nazi occupation and the Holocaust, the painful process of decolonization, and the contemporary challenges of immigration, integration, climate change, and political polarization.

Yet the Netherlands endures and adapts, as it has for millennia. The story of the Netherlands is not merely the story of a country but the story of the human capacity to shape one's environment, to build institutions, to create beauty, and to seek freedom and prosperity against the odds. It is a story that continues to unfold, and it remains a source of national pride and global significance.

---

*Note: This essay has attempted to provide a comprehensive overview of the history of the Netherlands, with specific dates, names, and events for each major period. It is a synthesis of the vast historical literature on the subject, and it is intended as an introduction to the rich and complex history of this remarkable country. For those who wish to explore specific periods in greater depth, the historical record offers countless monographs, archives, and primary sources.*
